<?xml version="1.0" encoding="UTF-8"?>
<project version="4">
  <component name="AutoImportSettings">
    <option name="autoReloadType" value="SELECTIVE" />
  </component>
  <component name="ChangeListManager">
    <list default="true" id="cb421ec1-b547-4d01-87f7-5e8bd3462423" name="Changes" comment="" />
    <option name="SHOW_DIALOG" value="false" />
    <option name="HIGHLIGHT_CONFLICTS" value="true" />
    <option name="HIGHLIGHT_NON_ACTIVE_CHANGELIST" value="false" />
    <option name="LAST_RESOLUTION" value="IGNORE" />
  </component>
  <component name="FileTemplateManagerImpl">
    <option name="RECENT_TEMPLATES">
      <list>
        <option value="Python Script" />
        <option value="HTML File" />
      </list>
    </option>
  </component>
  <component name="ProjectColorInfo">{
  &quot;associatedIndex&quot;: 7
}</component>
  <component name="ProjectId" id="2YuVwQvrWXF5VVdungKfbyvGRl8" />
  <component name="ProjectViewState">
    <option name="hideEmptyMiddlePackages" value="true" />
    <option name="showLibraryContents" value="true" />
  </component>
  <component name="PropertiesComponent">{
  &quot;keyToString&quot;: {
    &quot;DefaultHtmlFileTemplate&quot;: &quot;HTML File&quot;,
    &quot;RunOnceActivity.OpenProjectViewOnStart&quot;: &quot;true&quot;,
    &quot;RunOnceActivity.ShowReadmeOnStart&quot;: &quot;true&quot;,
    &quot;WebServerToolWindowFactoryState&quot;: &quot;false&quot;,
    &quot;node.js.detected.package.eslint&quot;: &quot;true&quot;,
    &quot;node.js.detected.package.tslint&quot;: &quot;true&quot;,
    &quot;node.js.selected.package.eslint&quot;: &quot;(autodetect)&quot;,
    &quot;node.js.selected.package.tslint&quot;: &quot;(autodetect)&quot;,
    &quot;vue.rearranger.settings.migration&quot;: &quot;true&quot;
  }
}</component>
  <component name="RunManager">
    <configuration name="Application" type="PythonConfigurationType" factoryName="Python" temporary="true" nameIsGenerated="true">
      <module name="python" />
      <option name="INTERPRETER_OPTIONS" value="" />
      <option name="PARENT_ENVS" value="true" />
      <envs>
        <env name="PYTHONUNBUFFERED" value="1" />
      </envs>
      <option name="SDK_HOME" value="" />
      <option name="WORKING_DIRECTORY" value="$PROJECT_DIR$" />
      <option name="IS_MODULE_SDK" value="true" />
      <option name="ADD_CONTENT_ROOTS" value="true" />
      <option name="ADD_SOURCE_ROOTS" value="true" />
      <EXTENSION ID="PythonCoverageRunConfigurationExtension" runner="coverage.py" />
      <option name="SCRIPT_NAME" value="$PROJECT_DIR$/Application.py" />
      <option name="PARAMETERS" value="" />
      <option name="SHOW_COMMAND_LINE" value="false" />
      <option name="EMULATE_TERMINAL" value="false" />
      <option name="MODULE_MODE" value="false" />
      <option name="REDIRECT_INPUT" value="false" />
      <option name="INPUT_FILE" value="" />
      <method v="2" />
    </configuration>
    <recent_temporary>
      <list>
        <item itemvalue="Python.Application" />
      </list>
    </recent_temporary>
  </component>
  <component name="SpellCheckerSettings" RuntimeDictionaries="0" Folders="0" CustomDictionaries="0" DefaultDictionary="application-level" UseSingleDictionary="true" transferred="true" />
  <component name="TaskManager">
    <task active="true" id="Default" summary="Default task">
      <changelist id="cb421ec1-b547-4d01-87f7-5e8bd3462423" name="Changes" comment="" />
      <created>1701375689212</created>
      <option name="number" value="Default" />
      <option name="presentableId" value="Default" />
      <updated>1701375689212</updated>
      <workItem from="1701375691623" duration="19343000" />
      <workItem from="1701441092264" duration="6216000" />
      <workItem from="1701460991362" duration="11775000" />
    </task>
    <servers />
  </component>
  <component name="TypeScriptGeneratedFilesManager">
    <option name="version" value="3" />
  </component>
  <component name="com.intellij.coverage.CoverageDataManagerImpl">
    <SUITE FILE_PATH="coverage/Application_py$Application.coverage" NAME="Application Coverage Results" MODIFIED="1701483644010" SOURCE_PROVIDER="com.intellij.coverage.DefaultCoverageFileProvider" RUNNER="coverage.py" COVERAGE_BY_TEST_ENABLED="true" COVERAGE_TRACING_ENABLED="false" WORKING_DIRECTORY="$PROJECT_DIR$" />
    <SUITE FILE_PATH="coverage/Snehal_css$Application.coverage" NAME="Application Coverage Results" MODIFIED="1701448125456" SOURCE_PROVIDER="com.intellij.coverage.DefaultCoverageFileProvider" RUNNER="coverage.py" COVERAGE_BY_TEST_ENABLED="true" COVERAGE_TRACING_ENABLED="false" WORKING_DIRECTORY="$PROJECT_DIR$" />
    <SUITE FILE_PATH="coverage/python$Application.coverage" NAME="Application Coverage Results" MODIFIED="1701392073328" SOURCE_PROVIDER="com.intellij.coverage.DefaultCoverageFileProvider" RUNNER="coverage.py" COVERAGE_BY_TEST_ENABLED="true" COVERAGE_TRACING_ENABLED="false" WORKING_DIRECTORY="$PROJECT_DIR$" />
  </component>
</project>